Subject,RealAlpha,ImagAlpha,RealBeta,ImagBeta
S001,0.87542184402562,0.914552425431695,0.240258364149854,0.214111253255138
