Subject,RealAlpha,ImagAlpha,RealBeta,ImagBeta
S044,1.26326688700553,0.935524753021903,-0.202996835466351,-1.35737462708572
